----INSERTA-CADENA-HOTELERA----
INSERT INTO CADENAHOTELERA (IDCADENAHOTELERA, NOMBRECADENAHOTELERA)
VALUES (301323, 'LaCadenaCamiyDango');

---------INSERTAR-HOTEL---------
INSERT INTO HOTEL (NOMBREHOTEL, ESTRELLAS, CIUDAD,PAIS,IDCADENAHOTELERA,IDHOTEL)
VALUES ('HotelCalifornia',5,'Bogota','Colombia',301323,123);

-------INSERTAR-SERVICIOS-------
--------------REQ-5-------------

------------PICINAS-------------
INSERT INTO SERVICIOHOTELCOMPLEMENTARIO (IDSCOMPLEMENTARIO, NOMBRESERVICIO,IDHOTEL) 
VALUES (987, 'Picina', 123);

INSERT INTO SERVICIOINCLUIDO (IDSERVICIO, NOMBRE, CAPACIDAD,IDHOTEL)
VALUES (987,'Picina de pelotas', 2, 123);
----
INSERT INTO SERVICIOHOTELCOMPLEMENTARIO (IDSCOMPLEMENTARIO, NOMBRESERVICIO,IDHOTEL) 
VALUES (988, 'Picina', 123);

INSERT INTO SERVICIOINCLUIDO (IDSERVICIO, NOMBRE, CAPACIDAD,IDHOTEL)
VALUES (988,'Guayacina', 1, 123);
----
INSERT INTO SERVICIOHOTELCOMPLEMENTARIO (IDSCOMPLEMENTARIO, NOMBRESERVICIO,IDHOTEL) 
VALUES (989, 'Picina', 123);

INSERT INTO SERVICIOINCLUIDO (IDSERVICIO, NOMBRE, CAPACIDAD,IDHOTEL)
VALUES (989,'Picina Olimpica 1', 2, 123);
----
INSERT INTO SERVICIOHOTELCOMPLEMENTARIO (IDSCOMPLEMENTARIO, NOMBRESERVICIO,IDHOTEL) 
VALUES (986, 'Picina', 123);

INSERT INTO SERVICIOINCLUIDO (IDSERVICIO, NOMBRE, CAPACIDAD,IDHOTEL)
VALUES (986,'Picina infantil', 2, 123);

--------------GYM---------------
INSERT INTO SERVICIOHOTELCOMPLEMENTARIO (IDSCOMPLEMENTARIO, NOMBRESERVICIO,IDHOTEL) 
VALUES (985, 'Gym', 123);

INSERT INTO SERVICIOINCLUIDO (IDSERVICIO, NOMBRE, CAPACIDAD,IDHOTEL)
VALUES (985,'HardBody', 50, 123);
----
INSERT INTO SERVICIOHOTELCOMPLEMENTARIO (IDSCOMPLEMENTARIO, NOMBRESERVICIO,IDHOTEL) 
VALUES (984, 'Gym', 123);

INSERT INTO SERVICIOINCLUIDO (IDSERVICIO, NOMBRE, CAPACIDAD,IDHOTEL)
VALUES (984,'Stark gym', 40, 123);
----
INSERT INTO SERVICIOHOTELCOMPLEMENTARIO (IDSCOMPLEMENTARIO, NOMBRESERVICIO,IDHOTEL) 
VALUES (983, 'Gym', 123);

INSERT INTO SERVICIOINCLUIDO (IDSERVICIO, NOMBRE, CAPACIDAD,IDHOTEL)
VALUES (983,'Bodytech', 50, 123);

------------INTERNET------------
INSERT INTO SERVICIOHOTELCOMPLEMENTARIO (IDSCOMPLEMENTARIO, NOMBRESERVICIO,IDHOTEL) 
VALUES (982, 'Internet', 123);

INSERT INTO SERVICIOLAVANDERIA (IDSERVICIO,NOMBRESERVICIO,DESCRIPCION,TIPO,COSTOUNITARIO,CANTUNIDADES)
VALUES (982, 'Internet rapido', 'internet veloz', 'Internet',1000,10);
----
INSERT INTO SERVICIOHOTELCOMPLEMENTARIO (IDSCOMPLEMENTARIO, NOMBRESERVICIO,IDHOTEL) 
VALUES (981, 'Internet', 123);

INSERT INTO SERVICIOLAVANDERIA (IDSERVICIO,NOMBRESERVICIO,DESCRIPCION,TIPO,COSTOUNITARIO,CANTUNIDADES)
VALUES (981, 'Internet lento', 'internet lento', 'Internet',2000,20);

-------RESTAURANTES-Y-BAR-------

INSERT INTO SERVICIOHOTELCOMPLEMENTARIO (IDSCOMPLEMENTARIO, NOMBRESERVICIO,IDHOTEL) 
VALUES (950, 'Tienda', 123);

INSERT INTO HORARIO (IDHORARIO,HORAINICIO,HORAFINAL)
VALUES (90, 6, 20);

INSERT INTO SERVICIOALIMENTACION (IDSERVICIO, NOMBRESERVICIO, ESTILO, CAPACIDAD, TIPO, ESCONSUMOHABITACION, IDHORARIO, DESCRIPCION)
VALUES (950, 'Joyeria los Alpes', 'Roccoco',20,'Tienda', 'S', 90, 'JoyeriaLinda');

INSERT INTO PRODUCTO (IDPRODUCTO,NOMBREPRODUCTO,PRECIO)
VALUES (001, 'Collar', 30000);

INSERT INTO PRODUCTOSERVICIO (IDPRODUCTO,IDSERVICIO)
VALUES (001,950);

INSERT INTO PRODUCTO (IDPRODUCTO,NOMBREPRODUCTO,PRECIO)
VALUES (002, 'Manilla', 10000);

INSERT INTO PRODUCTOSERVICIO (IDPRODUCTO,IDSERVICIO)
VALUES (002,950);
----
INSERT INTO SERVICIOHOTELCOMPLEMENTARIO (IDSCOMPLEMENTARIO, NOMBRESERVICIO,IDHOTEL) 
VALUES (951, 'Restaurante', 123);

INSERT INTO HORARIO (IDHORARIO,HORAINICIO,HORAFINAL)
VALUES (91, 8, 22);

INSERT INTO SERVICIOALIMENTACION (IDSERVICIO, NOMBRESERVICIO, ESTILO, CAPACIDAD, TIPO, ESCONSUMOHABITACION, IDHORARIO, DESCRIPCION)
VALUES (951, 'Pozzeto', 'Italiano',60,'Restaurante', 'N', 91, 'Restaurante de masacre historica');

INSERT INTO PRODUCTO (IDPRODUCTO,NOMBREPRODUCTO,PRECIO)
VALUES (003, 'Pasta', 30000);

INSERT INTO PRODUCTOSERVICIO (IDPRODUCTO,IDSERVICIO)
VALUES (003,951);

INSERT INTO PRODUCTO (IDPRODUCTO,NOMBREPRODUCTO,PRECIO)
VALUES (004, 'Ravioli', 30000);

INSERT INTO PRODUCTOSERVICIO (IDPRODUCTO,IDSERVICIO)
VALUES (004,951);
----
INSERT INTO SERVICIOHOTELCOMPLEMENTARIO (IDSCOMPLEMENTARIO, NOMBRESERVICIO,IDHOTEL) 
VALUES (952, 'Bar', 123);

INSERT INTO HORARIO (IDHORARIO,HORAINICIO,HORAFINAL)
VALUES (92, 8, 22);

INSERT INTO SERVICIOALIMENTACION (IDSERVICIO, NOMBRESERVICIO, ESTILO, CAPACIDAD, TIPO, ESCONSUMOHABITACION, IDHORARIO, DESCRIPCION)
VALUES (952, 'Shamua', 'Tradicional',40,'Bar', 'N', 92, 'Lugar de las guayas');

INSERT INTO PRODUCTO (IDPRODUCTO,NOMBREPRODUCTO,PRECIO)
VALUES (005, 'Guaya', 16000);

INSERT INTO PRODUCTOSERVICIO (IDPRODUCTO,IDSERVICIO)
VALUES (005,952);

INSERT INTO PRODUCTO (IDPRODUCTO,NOMBREPRODUCTO,PRECIO)
VALUES (006, 'Coctel WillyWonka', 13000);

INSERT INTO PRODUCTOSERVICIO (IDPRODUCTO,IDSERVICIO)
VALUES (006,952);
----
INSERT INTO SERVICIOHOTELCOMPLEMENTARIO (IDSCOMPLEMENTARIO, NOMBRESERVICIO,IDHOTEL) 
VALUES (953, 'Bar', 123);

INSERT INTO HORARIO (IDHORARIO,HORAINICIO,HORAFINAL)
VALUES (93, 8, 22);

INSERT INTO SERVICIOALIMENTACION (IDSERVICIO, NOMBRESERVICIO, ESTILO, CAPACIDAD, TIPO, ESCONSUMOHABITACION, IDHORARIO, DESCRIPCION)
VALUES (953, 'BBC', 'Tradicional',30,'Bar', 'N', 93, 'cerveza artesanal');

INSERT INTO PRODUCTO (IDPRODUCTO,NOMBREPRODUCTO,PRECIO)
VALUES (007, 'Jarra Cajica', 30000);

INSERT INTO PRODUCTOSERVICIO (IDPRODUCTO,IDSERVICIO)
VALUES (007,953);
----
INSERT INTO SERVICIOHOTELCOMPLEMENTARIO (IDSCOMPLEMENTARIO, NOMBRESERVICIO,IDHOTEL) 
VALUES (954, 'Restaurante', 123);

INSERT INTO HORARIO (IDHORARIO,HORAINICIO,HORAFINAL)
VALUES (94, 10, 21);

INSERT INTO SERVICIOALIMENTACION (IDSERVICIO, NOMBRESERVICIO, ESTILO, CAPACIDAD, TIPO, ESCONSUMOHABITACION, IDHORARIO, DESCRIPCION)
VALUES (954, 'Wok', 'Oriental',60,'Restaurante', 'S', 94, 'Restaurante rico');

INSERT INTO PRODUCTO (IDPRODUCTO,NOMBREPRODUCTO,PRECIO)
VALUES (008, 'Pasta', 30000);

INSERT INTO PRODUCTOSERVICIO (IDPRODUCTO,IDSERVICIO)
VALUES (008,954);


-----------LAVANDERIA-----------

INSERT INTO SERVICIOHOTELCOMPLEMENTARIO (IDSCOMPLEMENTARIO, NOMBRESERVICIO,IDHOTEL) 
VALUES (955, 'Lavanderia', 123);

INSERT INTO SERVICIOLAVANDERIA (IDSERVICIO,NOMBRESERVICIO,DESCRIPCION,TIPO,COSTOUNITARIO,CANTUNIDADES)
VALUES (955, 'LavadoDeMedias','Se lavan medias','Lavado',1000,10);
----
INSERT INTO SERVICIOHOTELCOMPLEMENTARIO (IDSCOMPLEMENTARIO, NOMBRESERVICIO,IDHOTEL) 
VALUES (956, 'Lavanderia', 123);

INSERT INTO SERVICIOLAVANDERIA (IDSERVICIO,NOMBRESERVICIO,DESCRIPCION,TIPO,COSTOUNITARIO,CANTUNIDADES)
VALUES (956, 'PlanchadoCamisas','Se planchan camisas','Planchado',3000,5);
----
INSERT INTO SERVICIOHOTELCOMPLEMENTARIO (IDSCOMPLEMENTARIO, NOMBRESERVICIO,IDHOTEL) 
VALUES (957, 'Lavanderia', 123);

INSERT INTO SERVICIOLAVANDERIA (IDSERVICIO,NOMBRESERVICIO,DESCRIPCION,TIPO,COSTOUNITARIO,CANTUNIDADES)
VALUES (957, 'PlanchadoVestido','Se planchan vestidos','Planchado',2000,7);
----
INSERT INTO SERVICIOHOTELCOMPLEMENTARIO (IDSCOMPLEMENTARIO, NOMBRESERVICIO,IDHOTEL) 
VALUES (956, 'Lavanderia', 123);

INSERT INTO SERVICIOLAVANDERIA (IDSERVICIO,NOMBRESERVICIO,DESCRIPCION,TIPO,COSTOUNITARIO,CANTUNIDADES)
VALUES (956, 'Embolada','Se embolan zapatos','Embolar',1000,20);

--------------SPA---------------
INSERT INTO SERVICIOHOTELCOMPLEMENTARIO (IDSCOMPLEMENTARIO, NOMBRESERVICIO,IDHOTEL) 
VALUES (957, 'Spa', 123);

INSERT INTO HORARIO (IDHORARIO,HORAINICIO,HORAFINAL)
VALUES (96, 10, 21);

INSERT INTO SERVICIORESERVADO (IDSERVICIO, NOMBREESPECIFICO,TIPO,DURACION,NOMBRESERVICIO,DESCRIPCION,IDHORARIO,COSTO) 
VALUES (957, 'MascarillaChocolate', 'Mascarilla',1,'Spa','deja la piel suave',96,15000);
----
INSERT INTO SERVICIOHOTELCOMPLEMENTARIO (IDSCOMPLEMENTARIO, NOMBRESERVICIO,IDHOTEL) 
VALUES (958, 'Spa', 123);

INSERT INTO HORARIO (IDHORARIO,HORAINICIO,HORAFINAL)
VALUES (97, 5, 23);

INSERT INTO SERVICIORESERVADO (IDSERVICIO, NOMBREESPECIFICO,TIPO,DURACION,NOMBRESERVICIO,DESCRIPCION,IDHORARIO,COSTO) 
VALUES (958, 'MasajeEspalda', 'Masaje',1,'Spa','relaja mucho',97,8000);


------------SALON---------------
INSERT INTO SERVICIOHOTELCOMPLEMENTARIO (IDSCOMPLEMENTARIO, NOMBRESERVICIO,IDHOTEL) 
VALUES (959, 'Salon', 123);

INSERT INTO SALON(IDSERVICIO,NOMBRE,CAPACIDAD,COSTOPORHORA)
VALUES (959,'Salon conferencias',100,300000);
----
INSERT INTO SERVICIOHOTELCOMPLEMENTARIO (IDSCOMPLEMENTARIO, NOMBRESERVICIO,IDHOTEL) 
VALUES (960, 'Salon', 123);

INSERT INTO SALON(IDSERVICIO,NOMBRE,CAPACIDAD,COSTOPORHORA)
VALUES (960,'Salon Fiesta',200,700000);


------------DOTACION------------
INSERT INTO SERVICIOHOTELCOMPLEMENTARIO (IDSCOMPLEMENTARIO, NOMBRESERVICIO,IDHOTEL) 
VALUES (961, 'Dotacion', 123);

INSERT INTO DOTACION (IDDOTACION,NOMBREOBJETO,ESCOBRABLE,VALOROBJETO)
VALUES (961, 'Raqueta', 'S',3000)